sample,replicate,sample_label,point_index,height,distance_mm,force_N,strain_percent,stress_mPa
1,2,sample 1 replicate 2,1,4.449999999999999,0.0,-0.7597,0.0,-29.7688
1,2,sample 1 replicate 2,2,4.449999999999999,0.05,-0.1544,1.1236,-6.0502
1,2,sample 1 replicate 2,3,4.449999999999999,0.1,0.1294,2.2472,5.0705
1,2,sample 1 replicate 2,4,4.449999999999999,0.15,0.1503,3.3708,5.8895
1,2,sample 1 replicate 2,5,4.449999999999999,0.2,0.2254,4.4944,8.8323
1,2,sample 1 replicate 2,6,4.449999999999999,0.25,0.5238,5.618,20.5251
1,2,sample 1 replicate 2,7,4.449999999999999,0.3,-0.3214,6.7416,-12.594
1,2,sample 1 replicate 2,8,4.449999999999999,0.35,0.4028,7.8652,15.7837
1,2,sample 1 replicate 2,9,4.449999999999999,0.4,1.2856,8.9888,50.3762
1,2,sample 1 replicate 2,10,4.449999999999999,0.45,0.0897,10.1124,3.5149
1,2,sample 1 replicate 2,11,4.449999999999999,0.5,1.2668,11.236,49.6395
1,2,sample 1 replicate 2,12,4.449999999999999,0.55,1.68,12.3596,65.8307
1,2,sample 1 replicate 2,13,4.449999999999999,0.6,1.6112,13.4831,63.1348
1,2,sample 1 replicate 2,14,4.449999999999999,0.65,1.6571,14.6067,64.9334
1,2,sample 1 replicate 2,15,4.449999999999999,0.7,1.703,15.7303,66.732
1,2,sample 1 replicate 2,16,4.449999999999999,0.75,1.7364,16.8539,68.0408
1,2,sample 1 replicate 2,17,4.449999999999999,0.8,1.7594,17.9775,68.942
1,2,sample 1 replicate 2,18,4.449999999999999,0.85,1.7719,19.1011,69.4318
1,2,sample 1 replicate 2,19,4.449999999999999,0.9,1.7614,20.2247,69.0204
1,2,sample 1 replicate 2,20,4.449999999999999,0.95,1.7656,21.3483,69.185
1,2,sample 1 replicate 2,21,4.449999999999999,1.0,1.7656,22.4719,69.185
1,2,sample 1 replicate 2,22,4.449999999999999,1.05,1.7635,23.5955,69.1027
1,2,sample 1 replicate 2,23,4.449999999999999,1.1,1.7698,24.7191,69.3495
1,2,sample 1 replicate 2,24,4.449999999999999,1.15,1.7802,25.8427,69.7571
1,2,sample 1 replicate 2,25,4.449999999999999,1.2,1.7865,26.9663,70.0039
1,2,sample 1 replicate 2,26,4.449999999999999,1.25,1.799,28.0899,70.4937
1,2,sample 1 replicate 2,27,4.449999999999999,1.3,1.8032,29.2135,70.6583
1,2,sample 1 replicate 2,28,4.449999999999999,1.35,1.799,30.3371,70.4937
1,2,sample 1 replicate 2,29,4.449999999999999,1.4,1.7969,31.4607,70.4114
1,2,sample 1 replicate 2,30,4.449999999999999,1.45,1.8094,32.5843,70.9013
1,2,sample 1 replicate 2,31,4.449999999999999,1.5,1.8157,33.7079,71.1481
1,2,sample 1 replicate 2,32,4.449999999999999,1.55,1.822,34.8315,71.395
1,2,sample 1 replicate 2,33,4.449999999999999,1.6,1.822,35.9551,71.395
1,2,sample 1 replicate 2,34,4.449999999999999,1.65,1.8178,37.0787,71.2304
1,2,sample 1 replicate 2,35,4.449999999999999,1.7,1.8261,38.2022,71.5556
1,2,sample 1 replicate 2,36,4.449999999999999,1.75,1.8261,39.3258,71.5556
1,2,sample 1 replicate 2,37,4.449999999999999,1.8,1.8387,40.4494,72.0494
1,2,sample 1 replicate 2,38,4.449999999999999,1.85,1.8366,41.573,71.9671
1,2,sample 1 replicate 2,39,4.449999999999999,1.9,1.847,42.6966,72.3746
1,2,sample 1 replicate 2,40,4.449999999999999,1.95,1.8491,43.8202,72.4569
1,2,sample 1 replicate 2,41,4.449999999999999,2.0,1.8324,44.9438,71.8025
1,2,sample 1 replicate 2,42,4.449999999999999,2.05,1.8491,46.0674,72.4569
1,2,sample 1 replicate 2,43,4.449999999999999,2.1,1.8554,47.191,72.7038
1,2,sample 1 replicate 2,44,4.449999999999999,2.15,1.8491,48.3146,72.4569
1,2,sample 1 replicate 2,45,4.449999999999999,2.2,1.8595,49.4382,72.8644
1,2,sample 1 replicate 2,46,4.449999999999999,2.25,1.8554,50.5618,72.7038
1,2,sample 1 replicate 2,47,4.449999999999999,2.3,1.8679,51.6854,73.1936
1,2,sample 1 replicate 2,48,4.449999999999999,2.35,1.8721,52.809,73.3582
1,2,sample 1 replicate 2,49,4.449999999999999,2.4,1.8595,53.9326,72.8644
1,2,sample 1 replicate 2,50,4.449999999999999,2.45,1.8804,55.0562,73.6834
1,2,sample 1 replicate 2,51,4.449999999999999,2.5,1.8783,56.1798,73.6011
1,2,sample 1 replicate 2,52,4.449999999999999,2.55,1.8574,57.3034,72.7821
1,2,sample 1 replicate 2,53,4.449999999999999,2.6,1.847,58.427,72.3746
1,2,sample 1 replicate 2,54,4.449999999999999,2.65,1.8533,59.5506,72.6215
1,2,sample 1 replicate 2,55,4.449999999999999,2.7,1.8595,60.6742,72.8644
1,2,sample 1 replicate 2,56,4.449999999999999,2.75,1.8512,61.7978,72.5392
1,2,sample 1 replicate 2,57,4.449999999999999,2.8,1.8241,62.9213,71.4773
1,2,sample 1 replicate 2,58,4.449999999999999,2.85,1.8199,64.0449,71.3127
1,2,sample 1 replicate 2,59,4.449999999999999,2.9,1.8157,65.1685,71.1481
1,2,sample 1 replicate 2,60,4.449999999999999,2.95,1.822,66.2921,71.395
1,2,sample 1 replicate 2,61,4.449999999999999,3.0,1.8136,67.4157,71.0658
1,2,sample 1 replicate 2,62,4.449999999999999,3.05,1.7907,68.5393,70.1685
1,2,sample 1 replicate 2,63,4.449999999999999,3.1,1.7281,69.6629,67.7155
1,2,sample 1 replicate 2,64,4.449999999999999,3.15,1.5799,70.7865,61.9083
1,2,sample 1 replicate 2,65,4.449999999999999,3.2,1.5527,71.9101,60.8425
1,2,sample 1 replicate 2,66,4.449999999999999,3.25,1.5611,73.0337,61.1716
1,2,sample 1 replicate 2,67,4.449999999999999,3.3,1.5653,74.1573,61.3362
1,2,sample 1 replicate 2,68,4.449999999999999,3.35,1.5444,75.2809,60.5172
1,2,sample 1 replicate 2,69,4.449999999999999,3.4,1.536,76.4045,60.1881
1,2,sample 1 replicate 2,70,4.449999999999999,3.45,1.5653,77.5281,61.3362
1,2,sample 1 replicate 2,71,4.449999999999999,3.5,1.5757,78.6517,61.7437
1,2,sample 1 replicate 2,72,4.449999999999999,3.55,1.6049,79.7753,62.8879
1,2,sample 1 replicate 2,73,4.449999999999999,3.6,1.5903,80.8989,62.3158
1,2,sample 1 replicate 2,74,4.449999999999999,3.65,1.6279,82.0225,63.7892
1,2,sample 1 replicate 2,75,4.449999999999999,3.7,1.6446,83.1461,64.4436
1,2,sample 1 replicate 2,76,4.449999999999999,3.75,1.6613,84.2697,65.098
1,2,sample 1 replicate 2,77,4.449999999999999,3.8,1.6863,85.3933,66.0776
1,2,sample 1 replicate 2,78,4.449999999999999,3.85,1.7072,86.5169,66.8966
1,2,sample 1 replicate 2,79,4.449999999999999,3.9,1.7385,87.6404,68.123
1,2,sample 1 replicate 2,80,4.449999999999999,3.95,1.7886,88.764,70.0862
1,2,sample 1 replicate 2,81,4.449999999999999,4.0,1.8199,89.8876,71.3127
1,2,sample 1 replicate 2,82,4.449999999999999,4.05,1.9221,91.0112,75.3174
1,2,sample 1 replicate 2,83,4.449999999999999,4.1,2.0119,92.1348,78.8362
1,2,sample 1 replicate 2,84,4.449999999999999,4.15,2.1121,93.2584,82.7625
1,2,sample 1 replicate 2,85,4.449999999999999,4.2,2.2415,94.382,87.8331
1,2,sample 1 replicate 2,86,4.449999999999999,4.25,2.3583,95.5056,92.4099
1,2,sample 1 replicate 2,87,4.449999999999999,4.3,2.6359,96.6292,103.2876
1,2,sample 1 replicate 2,88,4.449999999999999,4.35,3.0763,97.7528,120.5447
1,2,sample 1 replicate 2,89,4.449999999999999,4.4,3.669,98.8764,143.7696
1,2,sample 1 replicate 2,90,4.449999999999999,4.45,4.4808,100.0,175.5799
1,2,sample 1 replicate 2,91,4.449999999999999,4.5,3.6418,101.1236,142.7038
1,2,sample 1 replicate 2,92,4.449999999999999,4.55,5.2676,102.2472,206.4107
2,2,sample 2 replicate 2,1,4.449999999999999,0.0,-0.3715,0.0,-14.5572
2,2,sample 2 replicate 2,2,4.449999999999999,0.05,-0.0334,1.1236,-1.3088
2,2,sample 2 replicate 2,3,4.449999999999999,0.1,0.169,2.2472,6.6223
2,2,sample 2 replicate 2,4,4.449999999999999,0.15,0.3402,3.3708,13.3307
2,2,sample 2 replicate 2,5,4.449999999999999,0.2,-0.1628,4.4944,-6.3793
2,2,sample 2 replicate 2,6,4.449999999999999,0.25,0.1169,5.618,4.5807
2,2,sample 2 replicate 2,7,4.449999999999999,0.3,0.3819,6.7416,14.9647
2,2,sample 2 replicate 2,8,4.449999999999999,0.35,0.6511,7.8652,25.5133
2,2,sample 2 replicate 2,9,4.449999999999999,0.4,1.2647,8.9888,49.5572
2,2,sample 2 replicate 2,10,4.449999999999999,0.45,1.5089,10.1124,59.1262
2,2,sample 2 replicate 2,11,4.449999999999999,0.5,0.8348,11.236,32.7116
3,2,sample 3 replicate 2,1,4.449999999999999,0.0,-0.288,0.0,-11.2853
3,2,sample 3 replicate 2,2,4.449999999999999,0.05,-0.1544,1.1236,-6.0502
3,2,sample 3 replicate 2,3,4.449999999999999,0.1,-0.0292,2.2472,-1.1442
3,2,sample 3 replicate 2,4,4.449999999999999,0.15,0.0877,3.3708,3.4365
3,2,sample 3 replicate 2,5,4.449999999999999,0.2,0.1941,4.4944,7.6058
3,2,sample 3 replicate 2,6,4.449999999999999,0.25,0.2713,5.618,10.6309
3,2,sample 3 replicate 2,7,4.449999999999999,0.3,0.5071,6.7416,19.8707
3,2,sample 3 replicate 2,8,4.449999999999999,0.35,0.7012,7.8652,27.4765
3,2,sample 3 replicate 2,9,4.449999999999999,0.4,1.1479,8.9888,44.9804
3,2,sample 3 replicate 2,10,4.449999999999999,0.45,0.5948,10.1124,23.3072
